{"cameraMode":{"drawMode":0,"name":"Shaded","section":"Shading Mode"},"sceneLighting":false,"audioPlay":false,"sceneViewState":{"showFog":true,"showMaterialUpdate":false,"showSkybox":true,"showFlares":true,"showImageEffects":true,"showParticleSystems":true},"in2DMode":false,"pivot":{"x":-31.544065475463868,"y":0.48715782165527346,"z":-3.970120429992676},"rotation":{"x":-0.2709595263004303,"y":0.05252214893698692,"z":-0.014808266423642636,"w":-0.9610430598258972},"size":3.812727689743042,"orthographic":false}