{"cameraMode":{"drawMode":0,"name":"Shaded","section":"Shading Mode"},"sceneLighting":false,"audioPlay":false,"sceneViewState":{"showFog":true,"showMaterialUpdate":false,"showSkybox":true,"showFlares":true,"showImageEffects":true,"showParticleSystems":true},"in2DMode":false,"pivot":{"x":-8.385549545288086,"y":1.7134628295898438,"z":-1.3637866973876954},"rotation":{"x":-0.25978222489356997,"y":-0.009562826715409756,"z":0.0025727348402142526,"w":-0.9656164646148682},"size":17.2662296295166,"orthographic":false}